{
  "round_trip": {
    "precision": 0.9927007299270073,
    "recall": 0.9714285714285714,
    "f1-score": 0.9819494584837546,
    "support": 140,
    "confused_with": {
      "flight_stop": 1
    }
  },
  "restriction_code": {
    "precision": 1.0,
    "recall": 0.8571428571428571,
    "f1-score": 0.923076923076923,
    "support": 7,
    "confused_with": {
      "flight_number": 1
    }
  },
  "fromloc.state_name": {
    "precision": 1.0,
    "recall": 0.5882352941176471,
    "f1-score": 0.7407407407407407,
    "support": 17,
    "confused_with": {
      "toloc.state_name": 6,
      "toloc.city_name": 1
    }
  },
  "arrive_time.time_relative": {
    "precision": 0.8157894736842105,
    "recall": 0.8857142857142857,
    "f1-score": 0.8493150684931505,
    "support": 35,
    "confused_with": {}
  },
  "depart_time.period_of_day": {
    "precision": 1.0,
    "recall": 0.8153846153846154,
    "f1-score": 0.8983050847457628,
    "support": 130,
    "confused_with": {
      "depart_time.time": 6
    }
  },
  "depart_date.date_relative": {
    "precision": 0.9285714285714286,
    "recall": 0.7647058823529411,
    "f1-score": 0.8387096774193549,
    "support": 17,
    "confused_with": {
      "arrive_date.date_relative": 4
    }
  },
  "depart_time.time_relative": {
    "precision": 1.0,
    "recall": 0.9076923076923077,
    "f1-score": 0.9516129032258065,
    "support": 65,
    "confused_with": {
      "arrive_time.time_relative": 4
    }
  },
  "cost_relative": {
    "precision": 1.0,
    "recall": 0.95,
    "f1-score": 0.9743589743589743,
    "support": 40,
    "confused_with": {}
  },
  "depart_date.month_name": {
    "precision": 0.9649122807017544,
    "recall": 0.9821428571428571,
    "f1-score": 0.9734513274336283,
    "support": 56,
    "confused_with": {
      "arrive_date.month_name": 1
    }
  },
  "day_name": {
    "precision": 1.0,
    "recall": 0.5,
    "f1-score": 0.6666666666666666,
    "support": 2,
    "confused_with": {
      "depart_date.day_name": 1
    }
  },
  "airline_code": {
    "precision": 0.9090909090909091,
    "recall": 0.8333333333333334,
    "f1-score": 0.8695652173913043,
    "support": 24,
    "confused_with": {
      "airline_name": 3,
      "airport_code": 1
    }
  },
  "or": {
    "precision": 0.375,
    "recall": 1.0,
    "f1-score": 0.5454545454545454,
    "support": 3,
    "confused_with": {}
  },
  "fare_basis_code": {
    "precision": 0.9090909090909091,
    "recall": 0.9090909090909091,
    "f1-score": 0.9090909090909091,
    "support": 11,
    "confused_with": {}
  },
  "depart_time.start_time": {
    "precision": 0.0,
    "recall": 0.0,
    "f1-score": 0.0,
    "support": 4,
    "confused_with": {
      "depart_time.time": 3,
      "arrive_time.time": 1
    }
  },
  "arrive_date.day_name": {
    "precision": 0.55,
    "recall": 1.0,
    "f1-score": 0.7096774193548387,
    "support": 11,
    "confused_with": {}
  },
  "fare_amount": {
    "precision": 0.6666666666666666,
    "recall": 1.0,
    "f1-score": 0.8,
    "support": 4,
    "confused_with": {}
  },
  "period_of_day": {
    "precision": 1.0,
    "recall": 0.5,
    "f1-score": 0.6666666666666666,
    "support": 4,
    "confused_with": {
      "depart_time.period_mod": 1,
      "arrive_time.period_of_day": 1
    }
  },
  "depart_date.today_relative": {
    "precision": 0.5714285714285714,
    "recall": 0.8888888888888888,
    "f1-score": 0.6956521739130435,
    "support": 9,
    "confused_with": {}
  },
  "mod": {
    "precision": 1.0,
    "recall": 0.5,
    "f1-score": 0.6666666666666666,
    "support": 2,
    "confused_with": {}
  },
  "depart_date.day_name": {
    "precision": 0.9757281553398058,
    "recall": 0.9617224880382775,
    "f1-score": 0.9686746987951808,
    "support": 209,
    "confused_with": {
      "arrive_date.day_name": 8
    }
  },
  "days_code": {
    "precision": 1.0,
    "recall": 1.0,
    "f1-score": 1.0,
    "support": 1,
    "confused_with": {}
  },
  "arrive_time.start_time": {
    "precision": 0.0,
    "recall": 0.0,
    "f1-score": 0.0,
    "support": 8,
    "confused_with": {
      "arrive_time.time": 8
    }
  },
  "compartment": {
    "precision": 0.0,
    "recall": 0.0,
    "f1-score": 0.0,
    "support": 1,
    "confused_with": {
      "class_type": 1
    }
  },
  "toloc.airport_name": {
    "precision": 1.0,
    "recall": 0.3333333333333333,
    "f1-score": 0.5,
    "support": 6,
    "confused_with": {
      "fromloc.airport_name": 4
    }
  },
  "arrive_time.period_of_day": {
    "precision": 0.6666666666666666,
    "recall": 1.0,
    "f1-score": 0.8,
    "support": 6,
    "confused_with": {}
  },
  "fromloc.state_code": {
    "precision": 1.0,
    "recall": 0.3181818181818182,
    "f1-score": 0.4827586206896552,
    "support": 22,
    "confused_with": {
      "toloc.state_code": 15
    }
  },
  "aircraft_code": {
    "precision": 0.9655172413793104,
    "recall": 0.9032258064516129,
    "f1-score": 0.9333333333333333,
    "support": 31,
    "confused_with": {
      "flight_number": 2,
      "fromloc.airport_code": 1
    }
  },
  "flight_days": {
    "precision": 1.0,
    "recall": 1.0,
    "f1-score": 1.0,
    "support": 10,
    "confused_with": {}
  },
  "airport_code": {
    "precision": 0.7142857142857143,
    "recall": 0.5555555555555556,
    "f1-score": 0.6250000000000001,
    "support": 9,
    "confused_with": {
      "fromloc.airport_code": 3
    }
  },
  "toloc.airport_code": {
    "precision": 0.4,
    "recall": 0.5,
    "f1-score": 0.4444444444444445,
    "support": 4,
    "confused_with": {
      "airline_name": 1,
      "fromloc.airport_code": 1
    }
  },
  "airport_name": {
    "precision": 0.7647058823529411,
    "recall": 0.26,
    "f1-score": 0.3880597014925373,
    "support": 50,
    "confused_with": {
      "fromloc.airport_name": 21,
      "city_name": 5
    }
  },
  "depart_time.period_mod": {
    "precision": 0.5,
    "recall": 1.0,
    "f1-score": 0.6666666666666666,
    "support": 5,
    "confused_with": {}
  },
  "connect": {
    "precision": 1.0,
    "recall": 0.8333333333333334,
    "f1-score": 0.9090909090909091,
    "support": 6,
    "confused_with": {}
  },
  "flight_number": {
    "precision": 0.75,
    "recall": 0.75,
    "f1-score": 0.75,
    "support": 12,
    "confused_with": {
      "fare_amount": 2,
      "depart_time.time": 1
    }
  },
  "stoploc.airport_code": {
    "precision": 0.0,
    "recall": 0.0,
    "f1-score": 0.0,
    "support": 1,
    "confused_with": {
      "fromloc.airport_code": 1
    }
  },
  "arrive_date.month_name": {
    "precision": 0.8,
    "recall": 0.6666666666666666,
    "f1-score": 0.7272727272727272,
    "support": 6,
    "confused_with": {
      "depart_date.month_name": 2
    }
  },
  "city_name": {
    "precision": 0.8571428571428571,
    "recall": 0.5581395348837209,
    "f1-score": 0.676056338028169,
    "support": 86,
    "confused_with": {
      "toloc.city_name": 20
    }
  },
  "depart_date.year": {
    "precision": 1.0,
    "recall": 1.0,
    "f1-score": 1.0,
    "support": 3,
    "confused_with": {}
  },
  "meal_description": {
    "precision": 1.0,
    "recall": 1.0,
    "f1-score": 1.0,
    "support": 10,
    "confused_with": {}
  },
  "depart_time.time": {
    "precision": 0.8632478632478633,
    "recall": 0.9439252336448598,
    "f1-score": 0.9017857142857143,
    "support": 107,
    "confused_with": {
      "arrive_time.time": 6
    }
  },
  "stoploc.city_name": {
    "precision": 0.7777777777777778,
    "recall": 0.6176470588235294,
    "f1-score": 0.6885245901639345,
    "support": 34,
    "confused_with": {
      "toloc.city_name": 9,
      "fromloc.city_name": 4
    }
  },
  "fromloc.city_name": {
    "precision": 0.7844727694090382,
    "recall": 0.766704416761042,
    "f1-score": 0.7754868270332188,
    "support": 883,
    "confused_with": {
      "toloc.city_name": 192
    }
  },
  "arrive_date.day_number": {
    "precision": 0.8,
    "recall": 0.6666666666666666,
    "f1-score": 0.7272727272727272,
    "support": 6,