{
  "airline": {
    "precision": 0.6538461538461539,
    "recall": 0.6071428571428571,
    "f1-score": 0.6296296296296297,
    "support": 28,
    "confused_with": {
      "flight": 8,
      "airfare": 3
    }
  },
  "abbreviation": {
    "precision": 0.9285714285714286,
    "recall": 1.0,
    "f1-score": 0.962962962962963,
    "support": 26,
    "confused_with": {}
  },
  "flight": {
    "precision": 0.9322834645669291,
    "recall": 0.965742251223491,
    "f1-score": 0.9487179487179488,
    "support": 613,
    "confused_with": {
      "airfare": 13,
      "airport": 2
    }
  },
  "flight_no": {
    "precision": 0.6666666666666666,
    "recall": 0.25,
    "f1-score": 0.36363636363636365,
    "support": 8,
    "confused_with": {
      "flight": 3,
      "airfare": 3
    }
  },
  "airfare": {
    "precision": 0.5694444444444444,
    "recall": 0.8541666666666666,
    "f1-score": 0.6833333333333332,
    "support": 48,
    "confused_with": {
      "flight": 7
    }
  },
  "ground_service": {
    "precision": 0.7272727272727273,
    "recall": 0.8888888888888888,
    "f1-score": 0.7999999999999999,
    "support": 36,
    "confused_with": {
      "airfare": 2,
      "flight_no": 1
    }
  },
  "flight+airfare": {
    "precision": 0.0,
    "recall": 0.0,
    "f1-score": 0.0,
    "support": 12,
    "confused_with": {
      "flight": 9,
      "airfare": 3
    }
  },
  "airport": {
    "precision": 0.4,
    "recall": 0.15384615384615385,
    "f1-score": 0.2222222222222222,
    "support": 13,
    "confused_with": {
      "flight": 5,
      "airline": 4,
      "ground_service": 2
    }
  },
  "distance": {
    "precision": 1.0,
    "recall": 0.4,
    "f1-score": 0.5714285714285715,
    "support": 10,
    "confused_with": {
      "ground_service": 4,
      "flight": 2
    }
  },
  "ground_fare": {
    "precision": 0.0,
    "recall": 0.0,
    "f1-score": 0.0,
    "support": 7,
    "confused_with": {
      "airfare": 6,
      "ground_service": 1
    }
  },
  "capacity": {
    "precision": 1.0,
    "recall": 0.9047619047619048,
    "f1-score": 0.9500000000000001,
    "support": 21,
    "confused_with": {
      "flight": 1,
      "aircraft": 1
    }
  },
  "day_name": {
    "precision": 0.0,
    "recall": 0.0,
    "f1-score": 0.0,
    "support": 2,
    "confused_with": {
      "flight": 1,
      "airfare": 1
    }
  },
  "quantity": {
    "precision": 0.75,
    "recall": 1.0,
    "f1-score": 0.8571428571428571,
    "support": 3,
    "confused_with": {}
  },
  "aircraft": {
    "precision": 0.0,
    "recall": 0.0,
    "f1-score": 0.0,
    "support": 8,
    "confused_with": {
      "flight": 4,
      "ground_service": 3,
      "airport": 1
    }
  },
  "meal": {
    "precision": 0.6666666666666666,
    "recall": 0.3333333333333333,
    "f1-score": 0.4444444444444444,
    "support": 6,
    "confused_with": {
      "airline": 2,
      "ground_service": 1
    }
  },
  "city": {
    "precision": 1.0,
    "recall": 0.2,
    "f1-score": 0.33333333333333337,
    "support": 5,
    "confused_with": {
      "meal": 1,
      "ground_service": 1,
      "flight": 1
    }
  },
  "accuracy": 0.875886524822695,
  "macro avg": {
    "precision": 0.5809219720021885,
    "recall": 0.47236762849145597,
    "f1-score": 0.48542822917822914,
    "support": 846
  },
  "weighted avg": {
    "precision": 0.8513460970195769,
    "recall": 0.875886524822695,
    "f1-score": 0.8560257643590978,
    "support": 846
  },
  "micro avg": {
    "precision": 0.875886524822695,
    "recall": 0.875886524822695,
    "f1-score": 0.875886524822695,
    "support": 846
  }
}